分類,型號,商品名稱,商品名稱(英文),價格,季節
"CAP & HAT",1108709,"CAMOUFLAGE WATCH HAT","CAMOUFLAGE WATCH HAT",900SS
"CAP & HAT",1118786,"CAMOUFLAGE WATCH CAP","CAMOUFLAGE WATCH CAP",900SS
"SLEEPING BAG",1121826,"DOWN HUGGER 800 #0","DOWN HUGGER 800 #0",14640SS
"SLEEPING BAG",1121827,"DOWN HUGGER 800 #1","DOWN HUGGER 800 #1",12970SS
"SLEEPING BAG",1121828,"DOWN HUGGER 800 #2","DOWN HUGGER 800 #2",10840SS
"SLEEPING BAG",1121829,"DOWN HUGGER 800 #3","DOWN HUGGER 800 #3",8730SS
"SLEEPING BAG",1121839,"DOWN HUGGER 800 THERMAL SHEET","DOWN HUGGER 800 THERMAL SHEET",7030SS
"SLEEPING BAG",1121840,"DOWN HUGGER 800 WOMEN'S #0","DOWN HUGGER 800 WOMEN'S #0",14060SS
"SLEEPING BAG",1121841,"DOWN HUGGER 800 WOMEN'S #1","DOWN HUGGER 800 WOMEN'S #1",12590SS
"SLEEPING BAG",1121842,"DOWN HUGGER 800 WOMEN'S #2","DOWN HUGGER 800 WOMEN'S #2",10540SS
"SLEEPING BAG",1121843,"DOWN HUGGER 800 WOMEN'S #3","DOWN HUGGER 800 WOMEN'S #3",8320SS
"SLEEPING BAG",1121845,"DOWN HUGGER 800 HALF LENGTH #1","DOWN HUGGER 800 HALF LENGTH #1",10540SS
"SLEEPING BAG",1121846,"DOWN HUGGER 800 HALF LENGTH #3","DOWN HUGGER 800 HALF LENGTH #3",7180SS
"SLEEPING BAG",1121847,"DOWN HUGGER 800 HALF LENGTH #5","DOWN HUGGER 800 HALF LENGTH #5",6300SS
"CAMPING",1122712,"FOLDING FIRE PIT","FOLDING FIRE PIT",6480SS
"CAMPING",1122751,"FOLDING FIRE PIT S","FOLDING FIRE PIT S",6900SS
"CAMPING",1122769,"COMPACT FIRE PIT","COMPACT FIRE PIT",2880SS
"BAG",1123654,"GORE-TEX STUFF BAG 1L","GORE-TEX STUFF BAG 1L",620SS
"BAG",1123655,"GORE-TEX STUFF BAG 1.5L","GORE-TEX STUFF BAG 1.5L",640SS
"BAG",1123656,"GORE-TEX STUFF BAG 2L","GORE-TEX STUFF BAG 2L",680SS
"BAG",1123657,"GORE-TEX STUFF BAG 4L","GORE-TEX STUFF BAG 4L",700SS
"BAG",1123658,"GORE-TEX STUFF BAG 9L","GORE-TEX STUFF BAG 9L",900SS
"BAG",1123659,"GORE-TEX STUFF BAG 15L","GORE-TEX STUFF BAG 15L",1100SS
"BOTTLES",1123936,"SHOULDER STRAP","SHOULDER STRAP",230SS
"ACCESSORIES",1124184,"STAINLESS MIRROR","STAINLESS MIRROR",690SS
"ACCESSORIES",1124248,"REPAIR SHEET","REPAIR SHEET",360SS
"ACCESSORIES",1124258,"HANDY SCOOP","HANDY SCOOP",550SS
"ACCESSORIES",1124306,"EMERGENCY SHEET","EMERGENCY SHEET",160SS
"COOKWARE",1124345,"TITANIUM SPOON & FORK SET","TITANIUM SPOON & FORK SET",800SS
"COOKWARE",1124346,"FEATHER SPORK","FEATHER SPORK",480SS
"BOTTLES",1124424,"MINI CLEAR BOTTLE 20ML","MINI CLEAR BOTTLE 20ML",100SS
"BOTTLES",1124425,"MINI CLEAR BOTTLE 30ML","MINI CLEAR BOTTLE 30ML",120SS
"BOTTLES",1124426,"MINI CLEAR BOTTLE 50ML","MINI CLEAR BOTTLE 50ML",140SS
"COOKWARE",1124493,"STAINLESS THERMO MUG 310","STAINLESS THERMO MUG 310",560SS
"COOKWARE",1124510,"O.D. COMPACT DRIPPER 2","O.D. COMPACT DRIPPER 2",720SS
"COOKWARE",1124512,"TITANIUM BOWL DISH SET","TITANIUM BOWL DISH SET",1780SS
"COOKWARE",1124538,"O.D. COMPACT DRIPPER 4","O.D. COMPACT DRIPPER 4",800SS
"COOKWARE",1124566,"STAINLESS CUP 390","STAINLESS CUP 390",360SS
"COOKWARE",1124597,"ALPINE COOKER SQUARE 13","ALPINE COOKER SQUARE 13",1180SS
"COOKWARE",1124598,"ALPINE COOKER SQUARE 12","ALPINE COOKER SQUARE 12",1100SS
"COOKWARE",1124599,"ALPINE COOKER SQUARE 12+13 SET","ALPINE COOKER SQUARE 12+13 SET",2000SS
"ACCESSORIES",1124616,"COMPACT MULTI SHEET","COMPACT MULTI SHEET",500SS
"COOKWARE",1124717,"NOBASHI","NOBASHI",980SS
"BOTTLES",1124743,"ALPINE THERMO BOTTLE SEAL","ALPINE THERMO BOTTLE SEAL",80SS
"ACCESSORIES",1124789,"STRAP MONTA BEAR #1","STRAP MONTA BEAR #1",290SS
"ACCESSORIES",1124799,"ZIPPER PULL GLOW IN THE DARK","ZIPPER PULL GLOW IN THE DARK",220SS
"ACCESSORIES",1124806,"REPAIR PATCH","REPAIR PATCH",400SS
"ACCESSORIES",1124809,"O.D. MAINTENANCE REPELLENT LIQUID SPRAY 200ML","O.D. MAINTENANCE REPELLENT LIQUID SPRAY 200ML",420SS
"ACCESSORIES",1124810,"O.D. MAINTENANCE REPELLENT LIQUID SPRAY 300ML","O.D. MAINTENANCE REPELLENT LIQUID SPRAY 300ML",580SS
"ACCESSORIES",1124812,"O.D. MAINTENANCE DEODORIZER","O.D. MAINTENANCE DEODORIZER",880SS
"COOKWARE",1124900,"ALPINE COOKER 14","ALPINE COOKER 14",800SS
"COOKWARE",1124901,"ALPINE COOKER 16","ALPINE COOKER 16",920SS
"COOKWARE",1124902,"ALPINE COOKER 18","ALPINE COOKER 18",1140SS
"COOKWARE",1124903,"ALPINE COOKER 20","ALPINE COOKER 20",1350SS
"COOKWARE",1124904,"ALPINE COOKER 9 DEEP SHAPE","ALPINE COOKER 9 DEEP SHAPE",800SS
"COOKWARE",1124905,"ALPINE COOKER 11 DEEP SHAPE","ALPINE COOKER 11 DEEP SHAPE",880SS
"COOKWARE",1124906,"ALPINE COOKER 13 DEEP SHAPE","ALPINE COOKER 13 DEEP SHAPE",1060SS
"COOKWARE",1124907,"ALPINE COOKER 11+13 SET DEEP SHAPE","ALPINE COOKER 11+13 SET DEEP SHAPE",1680SS
"COOKWARE",1124911,"ALPINE COOKER SOLO SET","ALPINE COOKER SOLO SET",1460SS
"COOKWARE",1124915,"TITANIUM SIERRA CUP 280","TITANIUM SIERRA CUP 280",760SS
"COOKWARE",1124916,"TITANIUM SIERRA CUP 400","TITANIUM SIERRA CUP 400",840SS
"PADDLE SPORTS",1127163,"RATION CONTAINER","RATION CONTAINER",1400SS
"CYCLING",1130614,"CYCLING BELL MONTA BEAR","CYCLING BELL MONTA BEAR",320SS
"KIDS & BABY",1133510,"MONTA BEAR BACKPACK","MONTA BEAR BACKPACK",1850SS
"ACCESSORIES",1134130,"MONTA BEAR 20CM","MONTA BEAR 20CM",1150SS
"ACCESSORIES",1134131,"MONTA BEAR 30CM","MONTA BEAR 30CM",1800SS
"ACCESSORIES",1134134,"O.D. MAINTENANCE WASH-IN WATER REPELLENT 300ML","O.D. MAINTENANCE WASH-IN WATER REPELLENT 300ML",790SS
"ACCESSORIES",1134135,"O.D. MAINTENANCE MULTIUSE CLEANER 300ML","O.D. MAINTENANCE MULTIUSE CLEANER 300ML",430SS
"ACCESSORIES",1134136,"O.D. MAINTENANCE DOWN CLEANER 300ML","O.D. MAINTENANCE DOWN CLEANER 300ML",470SS
"COOKWARE",1134250,"ALPINE KETTLE 0.6L","ALPINE KETTLE 0.6L",830SS
"COOKWARE",1134251,"ALPINE KETTLE 0.9L","ALPINE KETTLE 0.9L",940SS
"ACCESSORIES",1134299,"O.D. MAINTENANCE SPRAY-ON WATER REPELLENT 170ML","O.D. MAINTENANCE SPRAY-ON WATER REPELLENT 170ML",430SS
"ACCESSORIES",1134300,"O.D. MAINTENANCE SPRAY-ON WATER REPELLENT 330ML","O.D. MAINTENANCE SPRAY-ON WATER REPELLENT 330ML",500SS
"ACCESSORIES",1134305,"DRY-TEC REPAIR PATCH SHEET","DRY-TEC REPAIR PATCH SHEET",240SS
"COOKWARE",1134345,"ALPINE FRYING PAN 16 DEEP SHAPE","ALPINE FRYING PAN 16 DEEP SHAPE",980SS
"COOKWARE",1134346,"ALPINE FRYING PAN 18 DEEP SHAPE","ALPINE FRYING PAN 18 DEEP SHAPE",1110SS
"COOKWARE",1134347,"ALPINE FRYING PAN 20 DEEP SHAPE","ALPINE FRYING PAN 20 DEEP SHAPE",1200SS
"COOKWARE",1134348,"ALPINE COOKER 14+16 PAN SET","ALPINE COOKER 14+16 PAN SET",2590SS
"COOKWARE",1134349,"ALPINE COOKER 16+18 PAN SET","ALPINE COOKER 16+18 PAN SET",3070SS
"COOKWARE",1134350,"ALPINE COOKER 18+20 PAN SET","ALPINE COOKER 18+20 PAN SET",3550SS
"COOKWARE",1134351,"TITANIUM CUP 300","TITANIUM CUP 300",550SS
"COOKWARE",1134352,"TITANIUM CUP 450","TITANIUM CUP 450",800SS
"COOKWARE",1134353,"TITANIUM THERMO CUP 300","TITANIUM THERMO CUP 300",1390SS
"COOKWARE",1134354,"TITANIUM THERMO CUP 450","TITANIUM THERMO CUP 450",1560SS
"COOKWARE",1134378,"TITANIUM CUP 650","TITANIUM CUP 650",1300SS
