型號,商品名稱,分類,價格,說明
1108709,CAMOUFLAGE WATCH HAT,CAP & HAT,900,缺圖但無電繪圖
1118786,CAMOUFLAGE WATCH CAP,CAP & HAT,900,缺圖但無電繪圖
1122712,FOLDING FIRE PIT,CAMPING,6480,缺圖但無電繪圖
1122751,FOLDING FIRE PIT S,CAMPING,6900,缺圖但無電繪圖
1122769,COMPACT FIRE PIT,CAMPING,2880,缺圖但無電繪圖
1123654,GORE-TEX STUFF BAG 1L,BAG,620,缺圖但無電繪圖
1123655,GORE-TEX STUFF BAG 1.5L,BAG,640,缺圖但無電繪圖
1123656,GORE-TEX STUFF BAG 2L,BAG,680,缺圖但無電繪圖
1123657,GORE-TEX STUFF BAG 4L,BAG,700,缺圖但無電繪圖
1123658,GORE-TEX STUFF BAG 9L,BAG,900,缺圖但無電繪圖
1123659,GORE-TEX STUFF BAG 15L,BAG,1100,缺圖但無電繪圖
1123936,SHOULDER STRAP,BOTTLES,230,缺圖但無電繪圖
1124184,STAINLESS MIRROR,ACCESSORIES,690,缺圖但無電繪圖
1124248,REPAIR SHEET,ACCESSORIES,360,缺圖但無電繪圖
1124258,HANDY SCOOP,ACCESSORIES,550,缺圖但無電繪圖
1124306,EMERGENCY SHEET,ACCESSORIES,160,缺圖但無電繪圖
1124345,TITANIUM SPOON & FORK SET,COOKWARE,800,缺圖但無電繪圖
1124346,FEATHER SPORK,COOKWARE,480,缺圖但無電繪圖
1124424,MINI CLEAR BOTTLE 20ML,BOTTLES,100,缺圖但無電繪圖
1124425,MINI CLEAR BOTTLE 30ML,BOTTLES,120,缺圖但無電繪圖
1124426,MINI CLEAR BOTTLE 50ML,BOTTLES,140,缺圖但無電繪圖
1124493,STAINLESS THERMO MUG 310,COOKWARE,560,缺圖但無電繪圖
1124510,O.D. COMPACT DRIPPER 2,COOKWARE,720,缺圖但無電繪圖
1124512,TITANIUM BOWL DISH SET,COOKWARE,1780,缺圖但無電繪圖
1124538,O.D. COMPACT DRIPPER 4,COOKWARE,800,缺圖但無電繪圖
1124566,STAINLESS CUP 390,COOKWARE,360,缺圖但無電繪圖
1124597,ALPINE COOKER SQUARE 13,COOKWARE,1180,缺圖但無電繪圖
1124598,ALPINE COOKER SQUARE 12,COOKWARE,1100,缺圖但無電繪圖
1124599,ALPINE COOKER SQUARE 12+13 SET,COOKWARE,2000,缺圖但無電繪圖
1124616,COMPACT MULTI SHEET,ACCESSORIES,500,缺圖但無電繪圖
1124717,NOBASHI,COOKWARE,980,缺圖但無電繪圖
1124743,ALPINE THERMO BOTTLE SEAL,BOTTLES,80,缺圖但無電繪圖
1124789,STRAP MONTA BEAR #1,ACCESSORIES,290,缺圖但無電繪圖
1124799,ZIPPER PULL GLOW IN THE DARK,ACCESSORIES,220,缺圖但無電繪圖
1124806,REPAIR PATCH,ACCESSORIES,400,缺圖但無電繪圖
1124809,O.D. MAINTENANCE REPELLENT LIQUID SPRAY 200ML,ACCESSORIES,420,缺圖但無電繪圖
1124810,O.D. MAINTENANCE REPELLENT LIQUID SPRAY 300ML,ACCESSORIES,580,缺圖但無電繪圖
1124812,O.D. MAINTENANCE DEODORIZER,ACCESSORIES,880,缺圖但無電繪圖
1124900,ALPINE COOKER 14,COOKWARE,800,缺圖但無電繪圖
1124901,ALPINE COOKER 16,COOKWARE,920,缺圖但無電繪圖
1124902,ALPINE COOKER 18,COOKWARE,1140,缺圖但無電繪圖
1124903,ALPINE COOKER 20,COOKWARE,1350,缺圖但無電繪圖
1124904,ALPINE COOKER 9 DEEP SHAPE,COOKWARE,800,缺圖但無電繪圖
1124905,ALPINE COOKER 11 DEEP SHAPE,COOKWARE,880,缺圖但無電繪圖
1124906,ALPINE COOKER 13 DEEP SHAPE,COOKWARE,1060,缺圖但無電繪圖
1124907,ALPINE COOKER 11+13 SET DEEP SHAPE,COOKWARE,1680,缺圖但無電繪圖
1124911,ALPINE COOKER SOLO SET,COOKWARE,1460,缺圖但無電繪圖
1124915,TITANIUM SIERRA CUP 280,COOKWARE,760,缺圖但無電繪圖
1124916,TITANIUM SIERRA CUP 400,COOKWARE,840,缺圖但無電繪圖
1127163,RATION CONTAINER,PADDLE SPORTS,1400,缺圖但無電繪圖
1130614,CYCLING BELL MONTA BEAR,CYCLING,320,缺圖但無電繪圖
1133510,MONTA BEAR BACKPACK,KIDS & BABY,1850,缺圖但無電繪圖
1134130,MONTA BEAR 20CM,ACCESSORIES,1150,缺圖但無電繪圖
1134131,MONTA BEAR 30CM,ACCESSORIES,1800,缺圖但無電繪圖
1134134,O.D. MAINTENANCE WASH-IN WATER REPELLENT 300ML,ACCESSORIES,790,缺圖但無電繪圖
1134135,O.D. MAINTENANCE MULTIUSE CLEANER 300ML,ACCESSORIES,430,缺圖但無電繪圖
1134136,O.D. MAINTENANCE DOWN CLEANER 300ML,ACCESSORIES,470,缺圖但無電繪圖
1134250,ALPINE KETTLE 0.6L,COOKWARE,830,缺圖但無電繪圖
1134251,ALPINE KETTLE 0.9L,COOKWARE,940,缺圖但無電繪圖
1134299,O.D. MAINTENANCE SPRAY-ON WATER REPELLENT 170ML,ACCESSORIES,430,缺圖但無電繪圖
1134300,O.D. MAINTENANCE SPRAY-ON WATER REPELLENT 330ML,ACCESSORIES,500,缺圖但無電繪圖
1134305,DRY-TEC REPAIR PATCH SHEET,ACCESSORIES,240,缺圖但無電繪圖
1134345,ALPINE FRYING PAN 16 DEEP SHAPE,COOKWARE,980,缺圖但無電繪圖
1134346,ALPINE FRYING PAN 18 DEEP SHAPE,COOKWARE,1110,缺圖但無電繪圖
1134347,ALPINE FRYING PAN 20 DEEP SHAPE,COOKWARE,1200,缺圖但無電繪圖
1134348,ALPINE COOKER 14+16 PAN SET,COOKWARE,2590,缺圖但無電繪圖
1134349,ALPINE COOKER 16+18 PAN SET,COOKWARE,3070,缺圖但無電繪圖
1134350,ALPINE COOKER 18+20 PAN SET,COOKWARE,3550,缺圖但無電繪圖
1134351,TITANIUM CUP 300,COOKWARE,550,缺圖但無電繪圖
1134352,TITANIUM CUP 450,COOKWARE,800,缺圖但無電繪圖
1134353,TITANIUM THERMO CUP 300,COOKWARE,1390,缺圖但無電繪圖
1134354,TITANIUM THERMO CUP 450,COOKWARE,1560,缺圖但無電繪圖
1134378,TITANIUM CUP 650,COOKWARE,1300,缺圖但無電繪圖
